ticket,opening_time_utc,closing_time_utc,type,lots,original_position_size,symbol,opening_price,closing_price,stop_loss,take_profit,commission,swap,profit,equity,margin_level,close_reason
2086640519,2026-06-12T13:02:28,2026-06-12T13:12:03,buy,0.01,0.01,XAUUSD,4194.155,4197.2080000000005,4191.114,4224.362,-0.07,,3.05,,,user
2086632464,2026-06-12T12:58:04,2026-06-12T13:02:49,sell,0.01,0.01,XAUUSD,4190.719,4195.712,4195.712,4150.169,-0.07,,-4.99,,,sl
2070020127,2026-05-27T13:27:40,2026-05-27T13:29:42,sell,0.01,0.01,XAUUSD,4407.147,4404.551,4415.972,4395.429,-0.07,,2.6,,,user
2049969848,2026-05-06T06:56:02,2026-05-06T07:50:23,buy,0.01,0.01,XAUUSD,4665.962,4676.317,,4780.943,-0.07,,10.36,,,user
1993057739,2026-03-16T14:41:27,2026-03-16T14:49:05,sell,0.01,0.01,XAUUSD,5005.504,4996.674,,,-0.07,,8.83,,,user
1993048741,2026-03-16T14:37:27,2026-03-16T14:42:43,buy,0.01,0.01,XAUUSD,5011.869,5001.518,5002.181,5032.324,-0.07,,-10.35,,,sl
1993006535,2026-03-16T14:17:25,2026-03-16T14:19:57,buy,0.01,0.01,XAUUSD,5027.687,5024.042,5024.488,,-0.07,,-3.65,,,sl
1991002431,2026-03-13T15:27:36,2026-03-13T15:40:44,buy,0.01,0.01,XAUUSD,5062.249,5056.219,5056.219,5085.986,-0.07,,-6.03,,,sl
1990997482,2026-03-13T15:24:48,2026-03-13T15:27:31,sell,0.01,0.01,XAUUSD,5058.971,5061.066,5062.992,,-0.07,,-2.1,,,user
1990991043,2026-03-13T15:21:02,2026-03-13T15:26:03,buy,0.01,0.01,XAUUSD,5062.4,5057.396,5057.396,5078.838,-0.07,,-5,,,sl
1990464645,2026-03-13T08:57:44,2026-03-13T09:10:32,buy,0.01,0.01,XAUUSD,5085.727,5091.55,5081.354,5100.7,-0.07,,5.82,,,user
1990404097,2026-03-13T08:07:58,2026-03-13T08:21:11,buy,0.01,0.01,XAUUSD,5073.208,5069.948,5066.227,5097.865,-0.07,,-3.26,,,user
1990360306,2026-03-13T07:32:19,2026-03-13T07:55:15,buy,0.01,0.01,XAUUSD,5087.088,5083.664,5083.664,5098.373,-0.07,,-3.43,,,sl
1990329354,2026-03-13T07:16:17,2026-03-13T07:16:59,buy,0.01,0.01,XAUUSD,5087.69,5083.29,5083.29,,-0.07,,-4.4,,,sl
1990320627,2026-03-13T07:08:22,2026-03-13T07:15:11,buy,0.01,0.01,XAUUSD,5090.812,5088.358,5088.358,5098.573,-0.07,,-2.45,,,sl
1988158828,2026-03-11T14:07:12,2026-03-11T14:08:11,sell,0.01,0.01,XAUUSD,5185.39,5181.264,5189.434,5178.032,-0.07,,4.13,,,user
1986822680,2026-03-10T15:26:27,2026-03-10T15:27:45,sell,0.01,0.01,XAUUSD,5225.097,5224.7339999999995,5228.809,,-0.07,,0.37,,,user
1986515602,2026-03-10T12:35:30,2026-03-10T12:45:00,buy,0.01,0.01,XAUUSD,5181.93,5185.629,5177.868,5191.381,-0.07,,3.7,,,user
1983569355,2026-03-07T07:42:42,2026-03-07T07:48:29,sell,0.01,0.01,BTCUSD,67734.77,67788.41,68162.87,66447.97,-0.04,,-0.53,,,user
1982818976,2026-03-06T12:31:02,2026-03-06T12:35:21,buy,0.01,0.01,XAUUSD,5088.256,5090.135,5084.8,5095.595,-0.07,,1.88,,,user
1982779161,2026-03-06T11:58:39,2026-03-06T12:00:30,buy,0.01,0.01,XAUUSD,5072.773,5077.586,5062.154,,-0.07,,4.82,,,user
1982431233,2026-03-06T06:58:55,2026-03-06T06:59:35,buy,0.01,0.01,XAUUSD,5117.447,5115.392,5115.421,,-0.07,,-2.06,,,sl
1979899011,2026-03-04T13:03:14,2026-03-04T13:08:26,sell,0.01,0.01,XAUUSD,5177.98,5184.085,5184.085,5162.338,-0.07,,-6.11,,,sl
1979868446,2026-03-04T12:45:36,2026-03-04T12:46:09,sell,0.01,0.01,XAUUSD,5164.504,5167.296,5175.685,5151.896,-0.07,,-2.8,,,user
1979849448,2026-03-04T12:38:32,2026-03-04T12:43:21,sell,0.01,0.01,XAUUSD,5169.365,5164.813999999999,5174.995,5135.448,-0.07,,4.56,,,user
1979862773,2026-03-04T12:42:50,2026-03-04T12:43:09,sell,0.01,0.01,XAUUSD,5160.357,5163.016,5163.016,5135.46,-0.07,,-2.66,,,sl
1979819657,2026-03-04T12:19:55,2026-03-04T12:27:00,buy,0.02,0.02,XAUUSD,5182.889,5176.695,5177.36,5187.455,-0.14,,-12.39,,,sl
1979746852,2026-03-04T11:06:51,2026-03-04T11:12:42,buy,0.01,0.01,XAUUSD,5189.255,5194.368,5186.11,5200,-0.07,,5.11,,,user
1979071261,2026-03-04T00:57:36,2026-03-04T00:59:09,buy,0.01,0.01,XAUUSD,5132.36,5138.192,5127.546,5140.6,-0.07,,5.83,,,user
1978277711,2026-03-03T12:59:14,2026-03-03T13:00:17,sell,0.01,0.01,XAUUSD,5222.299,5211.512,5227.21,5211.512,-0.07,,10.79,,,tp
1977720337,2026-03-03T08:00:03,2026-03-03T08:10:42,buy,0.01,0.01,XAUUSD,5327.519,5323.155,5323.155,5345,-0.07,,-4.36,,,sl
1977702929,2026-03-03T07:44:12,2026-03-03T07:53:17,buy,0.01,0.01,XAUUSD,5324.507,5327.071,5320.776,5332.257,-0.07,,2.56,,,user
1977260896,2026-03-03T01:49:06,2026-03-03T01:56:47,buy,0.01,0.01,XAUUSD,5349.106,5343.437,5343.437,5379.527,-0.07,,-5.67,,,sl
1977251453,2026-03-03T01:46:01,2026-03-03T01:46:18,buy,0.01,0.01,XAUUSD,5364.739,5361.738,5361.738,,-0.07,,-3,,,sl
1976484198,2026-03-02T14:07:18,2026-03-02T14:09:40,buy,0.01,0.01,XAUUSD,5384.19,5381.108,5381.108,,-0.07,,-3.08,,,sl
1976471765,2026-03-02T14:03:01,2026-03-02T14:04:47,buy,0.01,0.01,XAUUSD,5386.106,5379.139,5382.318,5400.666,-0.07,,-6.97,,,sl
1976239301,2026-03-02T11:47:00,2026-03-02T12:14:26,buy,0.01,0.01,XAUUSD,5381.839,5392.365,5374.752,5414.455,-0.07,,10.53,,,user
1976040718,2026-03-02T09:13:33,2026-03-02T09:20:09,buy,0.01,0.01,XAUUSD,5396.549,5389.464,5389.464,5419.725,-0.07,,-7.09,,,sl
1976021444,2026-03-02T09:03:01,2026-03-02T09:11:33,buy,0.02,0.02,XAUUSD,5396.225,5390.471,5390.471,5411.359,-0.14,,-11.51,,,sl
1976000681,2026-03-02T08:52:44,2026-03-02T08:54:34,buy,0.02,0.02,XAUUSD,5402.989,5402.175,,,-0.14,,-1.63,,,user
1975534741,2026-03-02T02:49:14,2026-03-02T02:52:55,sell,0.02,0.02,XAUUSD,5346.708,5346.229,5352.275,5337.82,-0.14,,0.96,,,user
1974541687,2026-02-27T22:36:38,2026-02-27T23:13:23,buy,0.01,0.01,BTCUSD,65255.72,65756.27,64882.44,67259.97,-0.04,,5,,,user
1974018713,2026-02-27T13:41:24,2026-02-27T14:01:28,buy,0.01,0.01,XAUUSD,5214.291,5226.823,5206.767,5240.975,-0.07,,12.53,,,user
1972752290,2026-02-26T14:40:29,2026-02-26T14:42:16,sell,0.01,0.01,XAUUSD,5162.089,5167.232,5167.232,5145.742,-0.07,,-5.14,,,sl
1972299465,2026-02-26T08:37:44,2026-02-26T08:47:42,buy,0.02,0.02,XAUUSD,5174.069,5169.519,5170.072,5189.128,-0.14,,-9.1,,,sl
1971352957,2026-02-25T13:39:59,2026-02-25T13:45:02,sell,0.02,0.02,XAUUSD,5189.429,5186.844,5192.959,5181.858,-0.14,,5.17,,,user
1969882982,2026-02-24T12:40:19,2026-02-24T12:54:49,sell,0.01,0.01,XAUUSD,5157.853,5145.293000000001,5164.921,5145.924,-0.07,,12.56,,,tp
1969556778,2026-02-24T07:07:24,2026-02-24T07:09:03,buy,0.02,0.02,XAUUSD,5171.096,5167.496,,,-0.14,,-7.2,,,user
1969552031,2026-02-24T07:04:47,2026-02-24T07:06:01,buy,0.02,0.02,XAUUSD,5171.203,5166.235,5166.235,,-0.14,,-9.94,,,sl
1969543732,2026-02-24T06:55:41,2026-02-24T07:01:12,buy,0.01,0.01,XAUUSD,5170.038,5170.636,5166.558,5178.094,-0.07,,0.6,,,user
1968612691,2026-02-23T14:44:44,2026-02-23T14:45:10,buy,0.01,0.01,XAUUSD,5190.527,5191.45,,,-0.07,,0.92,,,user
1968396951,2026-02-23T12:29:34,2026-02-23T13:34:50,buy,0.02,0.02,GBPUSD,1.34781,1.3500200000000002,1.34645,1.35281,-0.14,,4.42,,,user
1968483628,2026-02-23T13:27:02,2026-02-23T13:31:19,buy,0.01,0.01,XAUUSD,5147.164,5152.2390000000005,5143.5,5159,-0.07,,5.08,,,user
1968450869,2026-02-23T13:08:26,2026-02-23T13:10:43,sell,0.01,0.01,XAUUSD,5157.923,5155.7660000000005,5160.652,5150.178,-0.07,,2.15,,,user
1968406144,2026-02-23T12:37:40,2026-02-23T12:42:16,buy,0.01,0.01,XAUUSD,5152.851,5160.486,5145.729,5170.18,-0.07,,7.64,,,user
1966669499,2026-02-20T13:48:16,2026-02-20T13:48:43,buy,0.01,0.01,XAUUSD,5034.639,5036.557,,,-0.07,,1.92,,,user
1965370902,2026-02-19T14:02:17,2026-02-19T14:03:57,sell,0.01,0.01,XAUUSD,4989.443,4987.26,4998.831,4971.648,-0.07,,2.18,,,user
1791675747,2025-11-03T14:54:29,2025-11-03T15:24:16,buy,0.01,0.01,XAUUSD,4025.407,4019.771,4019.771,4063.29,-0.07,,-5.64,,,sl
1791605196,2025-11-03T14:50:01,2025-11-03T14:54:05,sell,0.01,0.01,XAUUSD,4020.954,4025.178,4025.178,4001.484,-0.07,,-4.23,,,sl
1791543886,2025-11-03T14:37:36,2025-11-03T14:40:10,sell,0.01,0.01,XAUUSD,4007.505,4011.154,4011.154,4001.53,-0.07,,-3.64,,,sl
1787223888,2025-10-31T12:37:26,2025-10-31T12:38:19,sell,0.02,0.02,XAUUSD,4018.625,4023.587,,,-0.14,,-9.92,,,user
1785958099,2025-10-31T03:00:02,2025-10-31T03:02:01,buy,0.02,0.02,XAUUSD,4011.995,4010.374,4010.374,4036.89,-0.14,,-3.24,,,sl
1782462185,2025-10-29T18:10:28,2025-10-29T18:25:23,buy,0.02,0.02,XAUUSD,3991.745,3977,3977,4020,-0.14,,-29.49,,,sl
1782448079,2025-10-29T18:06:02,2025-10-29T18:25:23,buy,0.02,0.02,XAUUSD,3990.038,3977,3977,4020,-0.14,,-26.08,,,sl
1782430710,2025-10-29T18:02:40,2025-10-29T18:05:44,buy,0.05,0.05,XAUUSD,4000.584,3988.393,,,-0.35,,-60.95,,,user
1782437037,2025-10-29T18:03:33,2025-10-29T18:05:44,buy,0.02,0.02,XAUUSD,3996.718,3988.393,,,-0.14,,-16.65,,,user
1782411142,2025-10-29T18:00:42,2025-10-29T18:01:55,buy,0.1,0.1,XAUUSD,3990.762,3987.655,,,-0.7,,-31.07,,,user
1781242085,2025-10-29T10:12:12,2025-10-29T10:20:20,buy,0.02,0.05,XAUUSD,4021.577,4027.663,4019.21,4029.647,-0.35,,12.18,,,user
1781242085,2025-10-29T10:12:12,2025-10-29T10:18:03,buy,0.03,0.05,XAUUSD,4021.577,4025.768,4019.21,4029.647,,,12.57,,,user
1780285202,2025-10-29T03:36:13,2025-10-29T03:54:14,buy,0.05,0.05,XAUUSD,3969.913,3966.576,3966.576,3981.739,-0.35,,-16.69,,,sl
1780277540,2025-10-29T03:31:46,2025-10-29T03:37:52,sell,0.05,0.05,XAUUSD,3967.104,3971.2059999999997,3970.987,3952.193,-0.35,,-20.51,,,sl
1780238032,2025-10-29T03:15:49,2025-10-29T03:23:24,sell,0.05,0.05,XAUUSD,3960.311,3966.01,3966.01,3944.314,-0.35,,-28.49,,,sl
1780248004,2025-10-29T03:20:04,2025-10-29T03:23:24,sell,0.05,0.05,XAUUSD,3962.342,3966.01,3966.01,3944.296,-0.35,,-18.34,,,sl
1779890477,2025-10-29T00:17:21,2025-10-29T00:19:00,sell,0.05,0.05,XAUUSD,3961.459,3965.223,3965,,-0.35,,-18.82,,,sl
1779860506,2025-10-28T23:59:12,2025-10-29T00:00:25,sell,0.05,0.05,XAUUSD,3964.465,3962.105,3968.216,3961.2,-0.35,,11.8,,,user
1779043334,2025-10-28T14:31:46,2025-10-28T14:47:37,sell,0.05,0.1,XAUUSD,3945.529,3945.055,3948.095,3933.89,-0.7,,2.37,,,user
1779043334,2025-10-28T14:31:46,2025-10-28T14:41:13,sell,0.05,0.1,XAUUSD,3945.529,3941.179,3948.095,3933.89,,,21.75,,,user
1778941296,2025-10-28T14:00:01,2025-10-28T14:08:43,buy,0.05,0.1,XAUUSD,3939.251,3943.4700000000003,3936.122,3945,-0.7,,21.09,,,user
1778941296,2025-10-28T14:00:01,2025-10-28T14:00:30,buy,0.05,0.1,XAUUSD,3939.251,3941.739,3936.122,3945,,,12.44,,,user
1778925064,2025-10-28T13:54:01,2025-10-28T13:58:27,sell,0.1,0.1,XAUUSD,3932.766,3937.6,3937.6,,-0.7,,-48.34,,,sl
1776613804,2025-10-27T23:36:17,2025-10-27T23:46:58,sell,0.1,0.1,XAUUSD,4001.011,3998.409,4007.519,3984.009,-0.7,,26.02,,,user
1776610267,2025-10-27T23:33:07,2025-10-27T23:34:09,sell,0.1,0.1,XAUUSD,4000.874,4003.745,4003.745,,-0.7,,-28.71,,,sl
1775556438,2025-10-27T13:38:38,2025-10-27T13:41:59,sell,0.05,0.1,XAUUSD,4034.221,4025.159,4039.97,4020,-0.7,,45.31,,,user
1775556438,2025-10-27T13:38:38,2025-10-27T13:40:28,sell,0.05,0.1,XAUUSD,4034.221,4029.996,4039.97,4020,,,21.13,,,user
1775539252,2025-10-27T13:34:41,2025-10-27T13:35:20,sell,0.05,0.05,XAUUSD,4034.112,4034.005,,,-0.35,,0.53,,,user
1775495557,2025-10-27T13:27:08,2025-10-27T13:33:34,sell,0.02,0.05,XAUUSD,4034.802,4033.087,4038,,-0.35,,3.43,,,user
1775495557,2025-10-27T13:27:08,2025-10-27T13:30:23,sell,0.03,0.05,XAUUSD,4034.802,4029.7129999999997,4038,,,,15.27,,,user
1775405592,2025-10-27T12:59:10,2025-10-27T13:00:01,sell,0.1,0.1,XAUUSD,4044.196,4048.364,4046.905,,-0.7,,-41.68,,,sl
1775112922,2025-10-27T11:13:02,2025-10-27T11:34:17,buy,0.05,0.1,XAUUSD,4028.949,4026.254,4026.254,4054,-0.7,,-13.48,,,sl
1775112922,2025-10-27T11:13:02,2025-10-27T11:17:53,buy,0.05,0.1,XAUUSD,4028.949,4031.498,4026.254,4054,,,12.74,,,user
1775109144,2025-10-27T11:11:51,2025-10-27T11:12:23,buy,0.01,0.01,XAUUSD,4025.94,4026.938,,,-0.07,,1,,,user
1770346296,2025-10-24T06:26:22,2025-10-24T06:28:57,buy,0.01,0.01,XAUUSD,4082.901,4089.629,4081.314,4104.792,-0.07,,6.73,,,user
1769841180,2025-10-24T01:55:27,2025-10-24T02:00:17,buy,0.01,0.01,XAUUSD,4113.936,4117.77,4111.413,4130.834,-0.07,,3.83,,,user
1769716620,2025-10-24T00:39:08,2025-10-24T00:49:24,buy,0.01,0.01,XAUUSD,4129.084,4128.508,4125.16,4145,-0.07,,-0.57,,,user
1769686923,2025-10-24T00:14:43,2025-10-24T00:30:32,buy,0.03,0.03,XAUUSD,4128.915,4131.466,4125.25,4147,-0.21,,7.65,,,user
1769684980,2025-10-24T00:13:33,2025-10-24T00:30:32,buy,0.06,0.06,XAUUSD,4130.784,4131.466,4125.25,4147,-0.42,,4.1,,,user
1768700736,2025-10-23T12:34:30,2025-10-23T12:41:15,buy,0.01,0.01,XAUUSD,4118.207,4126.508,4113,4129,-0.07,,8.3,,,user
1767980176,2025-10-23T06:41:01,2025-10-23T06:45:33,buy,0.06,0.06,XAUUSD,4118.6,4122.7880000000005,4112.281,4145.965,-0.42,,25.13,,,user
1766488169,2025-10-22T13:41:06,2025-10-22T13:46:37,sell,0.06,0.06,XAUUSD,4076.54,4069.92,4086,,-0.42,,39.72,,,user
1765218560,2025-10-22T05:09:10,2025-10-22T05:15:01,sell,0.05,0.05,XAUUSD,4138.38,4142,4142,,-0.35,,-18.1,,,sl
1744185332,2025-10-13T06:08:36,2025-10-13T06:10:39,buy,0.06,0.06,XAUUSD,4060.836,4065.717,,,-0.42,,29.28,,,user
1741426761,2025-10-10T13:40:15,2025-10-10T13:48:48,buy,0.02,0.02,XAUUSD,3995.09,3989.066,3989.066,4002.71,-0.14,,-12.05,,,sl
1741421601,2025-10-10T13:38:18,2025-10-10T13:48:48,buy,0.05,0.05,XAUUSD,3995.658,3989.062,3989.062,4002.699,-0.35,,-32.98,,,sl
1741411941,2025-10-10T13:36:12,2025-10-10T13:37:39,buy,0.1,0.1,XAUUSD,3996.75,3992.4900000000002,3992.754,,-0.7,,-42.6,,,sl
1739998695,2025-10-10T01:18:01,2025-10-10T01:18:28,buy,0.1,0.1,XAUUSD,3980.414,3978.58,,,-0.7,,-18.34,,,user
1739995104,2025-10-10T01:16:31,2025-10-10T01:17:13,buy,0.1,0.1,XAUUSD,3984.03,3980.529,3981.093,,-0.7,,-35.01,,,sl
1739987844,2025-10-10T01:11:11,2025-10-10T01:14:16,buy,0.1,0.1,XAUUSD,3987.133,3986.059,,,-0.7,,-10.74,,,user
1738880603,2025-10-09T13:44:16,2025-10-09T13:45:00,buy,0.1,0.1,XAUUSD,4038.346,4031.282,,,-0.7,,-70.64,,,user
1738676974,2025-10-09T12:47:28,2025-10-09T12:55:03,sell,0.05,0.05,XAUUSD,4046.157,4050.5,4050.5,,-0.35,,-21.71,,,sl
1738039365,2025-10-09T06:51:35,2025-10-09T06:51:57,buy,0.02,0.02,XAUUSD,4027.536,4024.0080000000003,,,-0.14,,-7.05,,,user
1736328078,2025-10-08T12:39:28,2025-10-08T12:40:04,buy,0.1,0.1,XAUUSD,4033.117,4031.871,,,-0.7,,-12.46,,,user
1733916224,2025-10-07T13:45:22,2025-10-07T13:48:52,buy,0.05,0.05,XAUUSD,3974.421,3980.232,3970.4,,-0.35,,29.05,,,user
1732679301,2025-10-07T04:59:52,2025-10-07T05:04:06,buy,0.1,0.1,XAUUSD,3976.213,3973,3973,,-0.7,,-32.13,,,sl
1731413461,2025-10-06T13:35:51,2025-10-06T13:37:08,buy,0.05,0.1,XAUUSD,3929.913,3934.835,3927,,-0.7,,24.61,,,user
1731413461,2025-10-06T13:35:51,2025-10-06T13:36:33,buy,0.05,0.1,XAUUSD,3929.913,3931.889,3927,,,,9.88,,,user
1724742593,2025-10-02T06:15:07,2025-10-02T06:19:23,buy,0.1,0.1,XAUUSD,3872.234,3872.679,3869.5,3877,-0.7,,4.45,,,user
1710376731,2025-09-25T11:42:45,2025-09-25T11:44:57,buy,0.05,0.05,XAUUSD,3750.045,3751.157,3748.5,,-0.35,,5.56,,,user
1710368452,2025-09-25T11:38:00,2025-09-25T11:44:57,buy,0.1,0.1,XAUUSD,3750.941,3751.157,3748.5,,-0.7,,2.16,,,user
1709030784,2025-09-24T15:59:52,2025-09-24T16:05:05,buy,0.1,0.1,XAUUSD,3741.283,3744.208,3736,3750,-0.7,,29.25,,,user
1706021848,2025-09-23T07:19:43,2025-09-23T07:30:45,buy,0.05,0.1,XAUUSD,3752.079,3755.31,3748.5,3756.5,-0.7,,16.15,,,user
1706021848,2025-09-23T07:19:43,2025-09-23T07:28:38,buy,0.05,0.1,XAUUSD,3752.079,3754.963,3748.5,3756.5,,,14.42,,,user
1705820691,2025-09-23T05:27:32,2025-09-23T05:30:47,sell,0.1,0.1,XAUUSD,3749.223,3751.23,3751.23,,-0.7,,-20.07,,,sl
1705423927,2025-09-23T00:34:40,2025-09-23T00:36:19,buy,0.1,0.1,XAUUSD,3748.637,3747.242,3747.5,,-0.7,,-13.95,,,sl
1704724519,2025-09-22T13:21:25,2025-09-22T13:34:19,sell,0.05,0.05,XAUUSD,3723.322,3718.525,3726.647,3715,-0.35,,23.98,,,user
1704698101,2025-09-22T13:06:48,2025-09-22T13:25:56,sell,0.05,0.1,XAUUSD,3724.778,3722.6969999999997,3727.5,3715,-0.7,,10.4,,,user
1704698101,2025-09-22T13:06:48,2025-09-22T13:08:50,sell,0.05,0.1,XAUUSD,3724.778,3723.0299999999997,3727.5,3715,,,8.74,,,user
1704690334,2025-09-22T13:03:55,2025-09-22T13:05:20,sell,0.1,0.1,XAUUSD,3724.532,3721.587,3727.4,,-0.7,,29.45,,,user
1703496638,2025-09-22T01:20:57,2025-09-22T01:27:03,buy,0.1,0.1,XAUUSD,3693.878,3690.766,3691,,-0.7,,-31.12,,,sl
1700776152,2025-09-18T13:58:23,2025-09-18T13:58:33,buy,0.01,0.01,XAUUSD,3640.834,3641.712,,,-0.07,,0.88,,,user
1700643010,2025-09-18T13:34:14,2025-09-18T13:35:12,buy,0.1,0.1,XAUUSD,3649.631,3645.5930000000003,,,-0.7,,-40.38,,,user
1700600421,2025-09-18T13:25:06,2025-09-18T13:25:15,buy,0.1,0.1,XAUUSD,3655.321,3654.6800000000003,,,-0.7,,-6.41,,,user
1700593887,2025-09-18T13:23:21,2025-09-18T13:24:04,buy,0.1,0.1,XAUUSD,3655.864,3655.241,,,-0.7,,-6.23,,,user
1699007937,2025-09-17T18:32:30,2025-09-17T18:33:00,buy,0.1,0.1,XAUUSD,3676.979,3673.2980000000002,,,-0.7,,-36.81,,,user
1698920912,2025-09-17T18:11:33,2025-09-17T18:16:59,buy,0.1,0.1,XAUUSD,3699.693,3685.359,,,-0.7,,-143.34,,,user
1698917936,2025-09-17T18:11:08,2025-09-17T18:16:59,buy,0.1,0.1,XAUUSD,3702.588,3685.359,,,-0.7,,-172.29,,,user
1698871966,2025-09-17T18:03:49,2025-09-17T18:05:26,buy,0.1,0.1,XAUUSD,3691.509,3692.165,,,-0.7,,6.56,,,user
1698855088,2025-09-17T18:01:50,2025-09-17T18:03:19,buy,0.1,0.1,XAUUSD,3674.769,3688.955,,,-0.7,,141.86,,,user
1698814324,2025-09-17T18:00:02,2025-09-17T18:00:57,buy,0.1,0.1,XAUUSD,3694.996,3685.954,3687,3700,-0.7,,-90.42,,,sl
1696225262,2025-09-16T12:42:05,2025-09-16T12:47:40,buy,0.05,0.1,XAUUSD,3688.266,3689.2870000000003,3685.5,3698,-0.7,,5.11,,,user
1696225262,2025-09-16T12:42:05,2025-09-16T12:47:18,buy,0.05,0.1,XAUUSD,3688.266,3689.8340000000003,3685.5,3698,,,7.84,,,user
1695995057,2025-09-16T10:58:27,2025-09-16T11:02:15,buy,0.1,0.1,XAUUSD,3693.562,3693.943,3691.5,3696,-0.7,,3.81,,,user
1694295151,2025-09-15T13:10:28,2025-09-15T13:12:09,buy,0.15,0.15,XAUUSD,3647.825,3649.505,,,-1.05,,25.2,,,user
1694296303,2025-09-15T13:10:51,2025-09-15T13:12:09,buy,0.05,0.05,XAUUSD,3647.366,3649.505,,,-0.35,,10.7,,,user
1693442407,2025-09-15T05:19:24,2025-09-15T05:19:43,buy,0.1,0.1,XAUUSD,3643.597,3644.414,,,-0.7,,8.17,,,user
1691814725,2025-09-12T13:37:57,2025-09-12T13:38:24,buy,0.1,0.1,XAUUSD,3648.72,3649.688,,,-0.7,,9.68,,,user
1691321179,2025-09-12T09:01:56,2025-09-12T09:04:45,buy,0.1,0.1,XAUUSD,3641.002,3645,3639,3645,-0.7,,39.98,,,tp
1691240466,2025-09-12T08:18:02,2025-09-12T08:18:46,buy,0.1,0.1,XAUUSD,3644.429,3645.58,,,-0.7,,11.51,,,user
1690005469,2025-09-11T13:18:42,2025-09-11T13:20:30,buy,0.1,0.1,XAUUSD,3626.133,3623.513,,,-0.7,,-26.2,,,user
1687071500,2025-09-10T04:19:36,2025-09-10T05:24:43,buy,0.05,0.1,XAUUSD,3640.681,3644.082,3638.6,3646.5,-0.7,,17,,,user
1687071500,2025-09-10T04:19:36,2025-09-10T04:27:25,buy,0.05,0.1,XAUUSD,3640.681,3642.262,3638.6,3646.5,,,7.9,,,user
1686391943,2025-09-09T15:19:10,2025-09-09T15:19:41,buy,0.05,0.05,XAUUSD,3630.165,3632.033,,,-0.35,,9.34,,,user
1686285059,2025-09-09T14:40:01,2025-09-09T14:40:13,buy,0.05,0.05,XAUUSD,3641.352,3642.695,,,-0.35,,6.72,,,user
1686129899,2025-09-09T14:05:10,2025-09-09T14:05:34,buy,0.1,0.1,XAUUSD,3660.202,3660.424,,,-0.7,,2.22,,,user
1685097687,2025-09-09T05:15:26,2025-09-09T05:16:48,buy,0.05,0.05,XAUUSD,3654.392,3655.009,3653,,-0.35,,3.09,,,user
1684553752,2025-09-08T18:05:12,2025-09-08T18:08:54,buy,0.05,0.05,XAUUSD,3632.697,3633.495,3630.5,,-0.35,,3.99,,,user
1678403416,2025-09-04T02:58:16,2025-09-04T03:00:29,buy,0.01,0.01,XAUUSD,3531.259,3529.252,3529.252,,-0.07,,-2.01,,,sl
1676580153,2025-09-03T05:58:27,2025-09-03T06:05:10,buy,0.01,0.01,XAUUSD,3529.929,3533.136,3526.6,3538,-0.07,,3.21,,,user
1675153122,2025-09-02T12:26:45,2025-09-02T12:30:56,buy,0.01,0.01,XAUUSD,3482.829,3487.5260000000003,3480.4,,-0.07,,4.7,,,user
1672183079,2025-09-01T01:43:13,2025-09-01T01:58:20,sell,0.01,0.01,XAUUSD,3445.866,3452.5,3452.5,3438,-0.07,,-6.63,,,sl
1644619214,2025-08-11T12:46:27,2025-08-11T13:00:46,sell,0.02,0.02,XAUUSD,3353.899,3358.5,3358.5,,-0.14,,-9.2,,,sl
1615097395,2025-07-22T05:26:51,2025-07-22T08:51:58,sell,0.01,0.02,XAUUSD,3387.896,3390.2,3390.2,3378,-0.14,,-2.3,,,sl
1615097395,2025-07-22T05:26:51,2025-07-22T05:59:48,sell,0.01,0.02,XAUUSD,3387.896,3385.5860000000002,3390.2,3378,,,2.31,,,user
1615094180,2025-07-22T05:23:18,2025-07-22T05:24:59,sell,0.02,0.02,XAUUSD,3387.357,3388.189,3388.189,3371.066,-0.14,,-1.67,,,sl
1614223730,2025-07-21T13:49:21,2025-07-21T14:09:18,buy,0.04,0.04,USOIL,65.504,65.2,65.2,66,-0.28,,-12.16,,,sl
1614168058,2025-07-21T13:33:17,2025-07-21T13:38:18,sell,0.03,0.03,XAUUSD,3384.058,3387.439,3387.439,,-0.21,,-10.15,,,sl
1613487791,2025-07-21T06:41:32,2025-07-21T06:48:51,sell,0.02,0.02,XAUUSD,3368.312,3370,3370,,-0.14,,-3.38,,,sl
1610151938,2025-07-17T12:51:32,2025-07-17T13:35:08,buy,0.03,0.03,XAUUSD,3312.405,3314.775,3309,3322,-0.21,,7.11,,,user
1609411377,2025-07-17T05:22:05,2025-07-17T05:37:41,buy,0.03,0.03,XAUUSD,3339.533,3337.5,3337.5,3343.5,-0.21,,-6.1,,,sl
1607976165,2025-07-16T11:09:03,2025-07-16T11:53:04,buy,0.01,0.03,XAUUSD,3336.165,3340,3333.5,3340,-0.21,,3.83,,,tp
1607976165,2025-07-16T11:09:03,2025-07-16T11:43:45,buy,0.02,0.03,XAUUSD,3336.165,3337.6330000000003,3333.5,3340,,,2.94,,,user
1606316630,2025-07-15T12:30:31,2025-07-15T12:33:09,buy,0.04,0.04,XAUUSD,3359.353,3351.3650000000002,,,-0.28,,-31.95,,,user
1606209043,2025-07-15T12:18:25,2025-07-15T12:24:05,buy,0.02,0.04,XAUUSD,3351.044,3355.074,3349.3,,-0.28,,8.06,,,user
1606209043,2025-07-15T12:18:25,2025-07-15T12:21:55,buy,0.02,0.04,XAUUSD,3351.044,3352.7000000000003,3349.3,,,,3.31,,,user
1605660853,2025-07-15T06:16:29,2025-07-15T07:45:37,sell,0.01,0.02,XAUUSD,3362.23,3364.6,3364.6,3350,-0.14,,-2.37,,,sl
1605660853,2025-07-15T06:16:29,2025-07-15T06:21:27,sell,0.01,0.02,XAUUSD,3362.23,3359.907,3364.6,3350,,,2.32,,,user
1605627722,2025-07-15T06:00:00,2025-07-15T06:03:01,sell,0.02,0.04,XAUUSD,3362.016,3361.1040000000003,,,-0.28,,1.82,,,user
1605627722,2025-07-15T06:00:00,2025-07-15T06:01:37,sell,0.02,0.04,XAUUSD,3362.016,3361.2110000000002,,,,,1.61,,,user
1600518507,2025-07-10T14:05:36,2025-07-10T14:19:10,buy,0.01,0.02,XAUUSD,3313.926,3318.223,3310.734,3330,-0.14,,4.29,,,user
1600518507,2025-07-10T14:05:36,2025-07-10T14:11:06,buy,0.01,0.02,XAUUSD,3313.926,3317.134,3310.734,3330,,,3.2,,,user
1598894451,2025-07-09T13:51:47,2025-07-09T13:54:28,buy,0.02,0.02,XAUUSD,3299.955,3302.405,3298.913,3305.964,-0.14,,4.9,,,user
1572319360,2025-06-19T13:54:54,2025-06-19T13:56:38,sell,0.01,0.01,XAUUSD,3372.202,3370.875,3374.406,3369.183,-0.07,,1.32,,,user
1566677601,2025-06-16T12:02:55,2025-06-16T13:54:03,buy,0.02,0.02,XAUUSD,3414.385,3396,3396,3464,-0.14,,-36.77,,,sl
1566880190,2025-06-16T13:43:06,2025-06-16T13:53:58,buy,0.01,0.02,XAUUSD,3405.728,3403.5,3403.5,3464,-0.14,,-2.23,,,sl
1566880190,2025-06-16T13:43:06,2025-06-16T13:48:02,buy,0.01,0.02,XAUUSD,3405.728,3408.722,3403.5,3464,,,2.99,,,user
1566657867,2025-06-16T11:49:53,2025-06-16T11:56:44,buy,0.01,0.05,XAUUSD,3413.27,3415.163,3409.5,,-0.35,,1.89,,,user
1566657867,2025-06-16T11:49:53,2025-06-16T11:54:00,buy,0.04,0.05,XAUUSD,3413.27,3415.425,3409.5,,,,8.62,,,user
1566163648,2025-06-16T06:38:02,2025-06-16T07:12:28,buy,0.02,0.02,XAUUSD,3416.626,3411.841,3406.5,3500,-0.14,,-9.57,,,user
1566160243,2025-06-16T06:36:22,2025-06-16T07:12:28,buy,0.05,0.05,XAUUSD,3417.926,3411.841,3406.5,3500,-0.35,,-30.42,,,user
1566113804,2025-06-16T06:15:15,2025-06-16T06:16:00,buy,0.03,0.03,XAUUSD,3419.899,3420.261,,,-0.21,,1.08,,,user
1565753812,2025-06-16T02:32:24,2025-06-16T02:52:35,buy,0.05,0.05,XAUUSD,3442.654,3439.9,3439.9,3446.46,-0.35,,-13.77,,,sl
1563575862,2025-06-13T05:36:25,2025-06-13T08:57:37,sell,0.05,0.05,USDJPY,143.728,143.82500000000002,144,143.667,-0.35,,-3.37,,,user
1562455433,2025-06-12T13:28:10,2025-06-12T13:30:29,buy,0.05,0.05,XAUUSD,3381.188,3383.66,3379.076,3385.443,-0.35,,12.36,,,user
1562427578,2025-06-12T13:16:02,2025-06-12T13:17:05,buy,0.05,0.05,XAUUSD,3384.028,3382.619,,,-0.35,,-7.04,,,user
1562409086,2025-06-12T13:10:02,2025-06-12T13:12:26,buy,0.05,0.05,XAUUSD,3390.235,3388.311,3388.311,,-0.35,,-9.62,,,sl
1562371808,2025-06-12T12:52:29,2025-06-12T13:02:03,sell,0.05,0.05,XAUUSD,3388.966,3387.396,3390.675,3383.5,-0.35,,7.85,,,user
1562312929,2025-06-12T12:30:20,2025-06-12T12:46:29,buy,0.05,0.05,XAUUSD,3384.995,3386.6510000000003,,3399,-0.35,,8.28,,,user
1561329345,2025-06-12T01:33:38,2025-06-12T01:37:15,buy,0.05,0.05,XAUUSD,3372.662,3370,3370,,-0.35,,-13.31,,,sl
1560571086,2025-06-11T13:32:38,2025-06-11T13:45:20,buy,0.05,0.05,XAUUSD,3335.281,3330.335,3330.335,3351.245,-0.35,,-24.73,,,sl
1560478226,2025-06-11T13:00:31,2025-06-11T13:45:20,buy,0.05,0.05,XAUUSD,3338.875,3330.335,3330.335,3360.732,-0.35,,-42.7,,,sl
1560482112,2025-06-11T13:01:53,2025-06-11T13:17:42,buy,0.05,0.05,XAUUSD,3336.372,3343.0860000000002,3329.9,,-0.35,,33.57,,,user
1560447091,2025-06-11T12:54:12,2025-06-11T12:56:17,buy,0.15,0.15,XAUUSD,3342.894,3338,3338,,-1.05,,-73.41,,,sl
1560423614,2025-06-11T12:48:58,2025-06-11T12:53:15,buy,0.05,0.05,XAUUSD,3351.749,3341.156,,,-0.35,,-52.97,,,user
1560433424,2025-06-11T12:52:09,2025-06-11T12:53:15,buy,0.02,0.02,XAUUSD,3348.193,3341.156,,,-0.14,,-14.08,,,user
1560425437,2025-06-11T12:49:44,2025-06-11T12:53:15,buy,0.1,0.1,XAUUSD,3350.402,3341.156,,,-0.7,,-92.46,,,user
1559885647,2025-06-11T07:35:00,2025-06-11T07:43:59,sell,0.02,0.1,XAUUSD,3339.277,3339.539,3342.8,3328.8,-0.7,,-0.53,,,user
1559885647,2025-06-11T07:35:00,2025-06-11T07:40:22,sell,0.03,0.1,XAUUSD,3339.277,3336.677,3342.8,3328.8,,,7.8,,,user
1559885647,2025-06-11T07:35:00,2025-06-11T07:37:57,sell,0.05,0.1,XAUUSD,3339.277,3336.6130000000003,3342.8,3328.8,,,13.32,,,user
1559881998,2025-06-11T07:31:40,2025-06-11T07:32:28,sell,0.1,0.1,XAUUSD,3340.652,3339.562,3341.6,,-0.7,,10.9,,,user
1559771122,2025-06-11T06:19:06,2025-06-11T06:20:35,buy,0.1,0.1,XAUUSD,3338.024,3336.81,3336.9,,-0.7,,-12.14,,,sl
1557794131,2025-06-10T02:28:33,2025-06-10T02:29:33,sell,0.1,0.1,XAUUSD,3304.753,3304.477,3309.32,,-0.7,,2.76,,,user
1557315272,2025-06-09T15:38:04,2025-06-09T15:43:54,buy,0.1,0.1,XAUUSD,3328.808,3330.263,3325.35,3336.8,-0.7,,14.55,,,user
1557304539,2025-06-09T15:30:05,2025-06-09T15:35:27,buy,0.2,0.2,XAUUSD,3331.079,3329.754,,,-1.4,,-26.5,,,user
1557299581,2025-06-09T15:27:04,2025-06-09T15:28:50,buy,0.2,0.2,XAUUSD,3329.452,3330.456,3325.285,,-1.4,,20.08,,,user
1557178031,2025-06-09T14:22:03,2025-06-09T14:27:03,buy,0.1,0.1,XAUUSD,3322.448,3320.8,3320.8,3325.8,-0.7,,-16.48,,,sl
1557151727,2025-06-09T14:11:53,2025-06-09T14:22:35,buy,0.05,0.1,XAUUSD,3322.966,3321.45,3321.45,3328,-0.7,,-7.58,,,sl
1557169344,2025-06-09T14:17:15,2025-06-09T14:19:14,buy,0.1,0.1,XAUUSD,3322.915,3324.181,,,-0.7,,12.66,,,user
1557151727,2025-06-09T14:11:53,2025-06-09T14:13:55,buy,0.05,0.1,XAUUSD,3322.966,3324.919,3321.45,3328,,,9.77,,,user
1556781254,2025-06-09T10:50:01,2025-06-09T10:53:25,buy,0.1,0.1,XAUUSD,3313.51,3312.23,3312.23,3322.481,-0.7,,-12.8,,,sl
1556743811,2025-06-09T10:24:24,2025-06-09T10:36:55,buy,0.1,0.1,XAUUSD,3317.4,3314.5,3314.5,3321.8,-0.7,,-29,,,sl
1556746267,2025-06-09T10:26:14,2025-06-09T10:33:24,buy,0.05,0.05,XAUUSD,3316.256,3315.5,3315.5,3321.8,-0.35,,-3.78,,,sl
1556364815,2025-06-09T06:14:32,2025-06-09T06:57:32,buy,0.05,0.05,USDJPY,144.349,144.2,144.2,145.087,-0.35,,-5.17,,,sl
1556347618,2025-06-09T06:02:56,2025-06-09T06:57:32,buy,0.1,0.1,USDJPY,144.464,144.2,144.2,145.087,-0.7,,-18.31,,,sl
1556075654,2025-06-09T02:02:03,2025-06-09T02:25:38,buy,0.05,0.1,XAUUSD,3298.18,3305.4,3292.5,3305.4,-0.7,,36.1,,,tp
1556080323,2025-06-09T02:04:47,2025-06-09T02:25:38,buy,0.05,0.05,XAUUSD,3295.838,3305.4,3292.5,3305.4,-0.35,,47.81,,,tp
1556075654,2025-06-09T02:02:03,2025-06-09T02:19:56,buy,0.05,0.1,XAUUSD,3298.18,3301.189,3292.5,3305.4,,,15.05,,,user
1556058530,2025-06-09T01:55:48,2025-06-09T01:58:54,buy,0.1,0.1,XAUUSD,3302.633,3297.127,3297.368,,-0.7,,-55.06,,,sl
1555816355,2025-06-08T17:22:53,2025-06-08T17:43:10,buy,0.05,0.05,BTCUSD,106387.04,106369.25,106095,107000,-0.2,,-0.89,,,user
1552998331,2025-06-05T13:37:33,2025-06-05T13:40:54,buy,0.05,0.1,XAUUSD,3383.589,3387.889,3381.5,,-0.7,,21.5,,,user
1552998331,2025-06-05T13:37:33,2025-06-05T13:39:13,buy,0.05,0.1,XAUUSD,3383.589,3387.366,3381.5,,,,18.88,,,user
1552975768,2025-06-05T13:29:41,2025-06-05T13:34:43,buy,0.1,0.1,XAUUSD,3380.812,3384.393,3376.5,,-0.7,,35.81,,,user
1552313475,2025-06-05T07:49:00,2025-06-05T08:10:33,buy,0.1,0.1,XAUUSD,3370.747,3372.34,3368.3,3375.8,-0.7,,15.93,,,user
1551693952,2025-06-04T19:20:51,2025-06-04T19:23:24,buy,0.05,0.05,XAUUSD,3372.352,3373.225,3370,3374.34,-0.35,,4.37,,,user
1551233947,2025-06-04T14:04:06,2025-06-04T14:07:14,sell,0.1,0.1,XAUUSD,3358.412,3360.461,3360.461,,-0.7,,-20.49,,,sl
1551089574,2025-06-04T12:47:31,2025-06-04T13:06:16,buy,0.05,0.05,BTCUSD,104951.53,105002.94,104600,105560.6,-0.2,,2.57,,,user
1551029213,2025-06-04T12:25:26,2025-06-04T12:28:29,sell,0.05,0.1,XAUUSD,3354.208,3347.9030000000002,3355.8,,-0.7,,31.52,,,user
1551029213,2025-06-04T12:25:26,2025-06-04T12:26:34,sell,0.05,0.1,XAUUSD,3354.208,3351.544,3355.8,,,,13.32,,,user
1550965864,2025-06-04T11:48:24,2025-06-04T11:51:58,sell,0.1,0.1,XAUUSD,3348.73,3350.3,3350.3,,-0.7,,-15.7,,,sl
1550590583,2025-06-04T07:47:00,2025-06-04T07:52:27,buy,0.01,0.01,XAUUSD,3360.217,3357.94,3357.94,3365.252,-0.07,,-2.28,,,sl
1549891571,2025-06-03T19:06:29,2025-06-04T07:29:13,buy,0.05,0.05,AUDUSD,0.6468,0.6470100000000001,0.64442,0.67818,-0.35,,1.05,,,user
1550556532,2025-06-04T07:23:55,2025-06-04T07:29:02,buy,0.01,0.01,XAUUSD,3359.045,3361.64,3353.96,3367.778,-0.07,,2.59,,,user
1550516149,2025-06-04T06:59:17,2025-06-04T07:02:30,buy,0.1,0.1,XAUUSD,3355.156,3356.395,3353.8,,-0.7,,12.39,,,user
1550382481,2025-06-04T05:28:37,2025-06-04T06:33:29,buy,0.02,0.02,XAUUSD,3350.518,3356.281,3346.185,3361.387,-0.14,,11.52,,,user
1550333086,2025-06-04T04:53:13,2025-06-04T06:32:45,buy,0.05,0.1,XAUUSD,3353.506,3356.235,3347.217,3361.703,-0.7,,13.65,,,user
1550333086,2025-06-04T04:53:13,2025-06-04T05:01:01,buy,0.05,0.1,XAUUSD,3353.506,3355.809,3347.217,3361.703,,,11.52,,,user
1550323861,2025-06-04T04:46:33,2025-06-04T04:52:48,buy,0.1,0.1,XAUUSD,3355.031,3353.261,3352.4,,-0.7,,-17.7,,,user
1550172231,2025-06-04T02:43:03,2025-06-04T03:00:50,buy,0.02,0.05,XAUUSD,3363.401,3364.694,3360.9,3370,-0.35,,2.59,,,user
1550172231,2025-06-04T02:43:03,2025-06-04T02:51:08,buy,0.03,0.05,XAUUSD,3363.401,3365.9880000000003,3360.9,3370,,,7.76,,,user
1550170898,2025-06-04T02:41:55,2025-06-04T02:42:05,buy,0.05,0.05,AUDUSD,0.64642,0.64641,,,-0.35,,-0.05,,,user
1549655082,2025-06-03T15:11:21,2025-06-03T16:30:42,buy,0.01,0.01,XAUUSD,3346.867,3348.112,3348.112,3383.124,-0.07,,1.24,,,sl
1549530345,2025-06-03T14:14:44,2025-06-03T14:45:08,buy,0.01,0.01,XAUUSD,3340.905,3349.556,3349.556,3382.668,-0.07,,8.65,,,sl
1549487253,2025-06-03T14:02:49,2025-06-03T14:05:23,sell,0.05,0.1,XAUUSD,3338.285,3334.012,3340.398,,-0.7,,21.37,,,user
1549487253,2025-06-03T14:02:49,2025-06-03T14:03:49,sell,0.05,0.1,XAUUSD,3338.285,3336.3070000000002,3340.398,,,,9.89,,,user
1549478768,2025-06-03T14:00:38,2025-06-03T14:01:43,sell,0.1,0.1,XAUUSD,3339.392,3340.175,,,-0.7,,-7.83,,,user
1549436579,2025-06-03T13:47:03,2025-06-03T14:00:22,buy,0.1,0.1,XAUUSD,3343.343,3339.2090000000003,3339.5,3360,-0.7,,-41.34,,,sl
1548931327,2025-06-03T08:08:23,2025-06-03T09:31:12,sell,0.01,0.01,XAUUSD,3363.246,3356.9210000000003,3368.008,3354.667,-0.07,,6.33,,,user
1547632664,2025-06-02T13:46:57,2025-06-02T13:48:08,buy,0.1,0.1,XAUUSD,3369.546,3368.473,,,-0.7,,-10.73,,,user
1547628439,2025-06-02T13:46:00,2025-06-02T13:46:31,buy,0.1,0.1,XAUUSD,3367.147,3368.044,,,-0.7,,8.97,,,user
1547624557,2025-06-02T13:44:58,2025-06-02T13:45:50,buy,0.1,0.1,XAUUSD,3366.632,3366.1800000000003,,,-0.7,,-4.52,,,user
1547620419,2025-06-02T13:43:40,2025-06-02T13:44:12,buy,0.1,0.1,XAUUSD,3365.799,3366.297,,,-0.7,,4.98,,,user
1547616789,2025-06-02T13:42:34,2025-06-02T13:43:05,buy,0.1,0.1,XAUUSD,3364.252,3364.7490000000003,,,-0.7,,4.97,,,user
1547615040,2025-06-02T13:42:05,2025-06-02T13:42:18,buy,0.1,0.1,XAUUSD,3363.576,3363.81,,,-0.7,,2.34,,,user
1547612072,2025-06-02T13:41:24,2025-06-02T13:42:00,buy,0.1,0.1,XAUUSD,3361.632,3363.473,,,-0.7,,18.41,,,user
1547607452,2025-06-02T13:40:15,2025-06-02T13:41:16,buy,0.1,0.1,XAUUSD,3360.826,3361.074,,,-0.7,,2.48,,,user
1547602584,2025-06-02T13:38:13,2025-06-02T13:39:35,buy,0.1,0.1,XAUUSD,3359.471,3359.725,,,-0.7,,2.54,,,user
1547600615,2025-06-02T13:37:29,2025-06-02T13:37:57,buy,0.1,0.1,XAUUSD,3359.028,3359.373,,,-0.7,,3.45,,,user
1547555991,2025-06-02T13:21:37,2025-06-02T13:36:29,sell,0.03,0.07,XAUUSD,3354.986,3358.259,3358.259,3346,-0.49,,-9.82,,,sl
1547555991,2025-06-02T13:21:37,2025-06-02T13:31:17,sell,0.04,0.07,XAUUSD,3354.986,3351.603,3358.259,3346,,,13.53,,,user
1547515428,2025-06-02T13:01:24,2025-06-02T13:25:52,buy,0.07,0.07,XAUUSD,3355.839,3352.5,3352.5,3368.325,-0.49,,-23.37,,,sl
1546780636,2025-06-02T06:36:36,2025-06-02T06:39:21,sell,0.1,0.1,XAUUSD,3336.641,3340.101,3340,,-0.7,,-34.6,,,sl
1546668827,2025-06-02T05:47:16,2025-06-02T06:02:14,sell,0.08,0.08,XAUUSD,3323.226,3326.226,3326.226,3300,-0.56,,-24,,,sl
1546644094,2025-06-02T05:35:13,2025-06-02T05:45:20,sell,0.07,0.07,XAUUSD,3318.89,3323.775,3323.775,3300,-0.49,,-34.2,,,sl
1546643444,2025-06-02T05:35:00,2025-06-02T05:35:05,buy,0.07,0.07,XAUUSD,3318.608,3318.975,,,-0.49,,2.57,,,user
1546642913,2025-06-02T05:34:32,2025-06-02T05:34:43,sell,0.07,0.07,BTCUSD,104763.04,104788.36,,,-0.28,,-1.78,,,user
1544343587,2025-05-30T05:32:49,2025-05-30T06:09:13,sell,0.1,0.1,GBPUSD,1.34736,1.34715,1.35126,1.33914,-0.7,,2.1,,,user
1544378814,2025-05-30T05:58:31,2025-05-30T06:09:12,sell,0.01,0.05,XAUUSD,3304.801,3297.389,3308.715,3290,-0.35,,7.41,,,user
1544378814,2025-05-30T05:58:31,2025-05-30T06:04:07,sell,0.03,0.05,XAUUSD,3304.801,3301.428,3308.715,3290,,,10.12,,,user
1544378814,2025-05-30T05:58:31,2025-05-30T06:01:00,sell,0.01,0.05,XAUUSD,3304.801,3302.524,3308.715,3290,,,2.28,,,user
1544341423,2025-05-30T05:30:40,2025-05-30T05:32:35,sell,0.1,0.1,GBPUSD,1.34737,1.3474100000000002,,,-0.7,,-0.4,,,user
1543626111,2025-05-29T15:11:15,2025-05-29T15:37:08,sell,0.01,0.05,XAUUSD,3315.553,3317.9,3317.9,3310.446,-0.35,,-2.35,,,sl
1543626111,2025-05-29T15:11:15,2025-05-29T15:22:58,sell,0.04,0.05,XAUUSD,3315.553,3315.106,3317.9,3310.446,,,1.79,,,user
1543559449,2025-05-29T14:37:22,2025-05-29T14:45:56,sell,0.05,0.05,XAUUSD,3310.422,3309.4300000000003,3312.718,3300,-0.35,,4.96,,,user
1543368917,2025-05-29T13:15:15,2025-05-29T13:42:11,buy,0.05,0.05,XAUUSD,3311.005,3314.121,3308,3322,-0.35,,15.58,,,user
1542566646,2025-05-29T05:00:33,2025-05-29T05:39:36,buy,0.1,0.1,XAUUSD,3269.472,3266.608,3266.608,3281.885,-0.7,,-28.64,,,sl
1542563923,2025-05-29T04:58:39,2025-05-29T04:59:01,buy,0.05,0.05,XAUUSD,3270.344,3270.608,,,-0.35,,1.32,,,user
1541717395,2025-05-28T14:49:19,2025-05-28T15:03:42,buy,0.05,0.05,XAUUSD,3302.516,3297.161,3298.1,3317,-0.35,,-26.77,,,sl
1540963380,2025-05-28T07:31:18,2025-05-28T07:33:06,buy,0.05,0.05,XAUUSD,3311.461,3312.861,3308.2,,-0.35,,7,,,user
1539987469,2025-05-27T13:42:25,2025-05-27T13:48:35,buy,0.01,0.01,XAUUSD,3300.504,3297.753,3298.1,3310,-0.07,,-2.75,,,sl
1539786863,2025-05-27T12:02:29,2025-05-27T13:08:58,buy,0.05,0.1,XAUUSD,3289.947,3296.018,3287.4,3305,-0.7,,30.35,,,user
1539786863,2025-05-27T12:02:29,2025-05-27T12:10:01,buy,0.05,0.1,XAUUSD,3289.947,3292.2110000000002,3287.4,3305,,,11.32,,,user
1535402062,2025-05-23T05:54:23,2025-05-23T06:01:40,sell,0.1,0.1,XAUUSD,3324.153,3327.2,3327.2,,-0.7,,-30.47,,,sl
1534553624,2025-05-22T13:54:03,2025-05-22T13:59:13,buy,0.05,0.1,XAUUSD,3295.523,3288.989,3289.4,,-0.7,,-32.67,,,sl
1534553624,2025-05-22T13:54:03,2025-05-22T13:54:41,buy,0.05,0.1,XAUUSD,3295.523,3296.634,3289.4,,,,5.55,,,user
1533981265,2025-05-22T08:40:06,2025-05-22T08:59:15,buy,0.15,0.15,XAUUSD,3315.486,3310.9,3310.9,3324.5,-1.05,,-68.79,,,sl
1533969661,2025-05-22T08:35:58,2025-05-22T08:36:31,buy,0.15,0.15,XAUUSD,3314.03,3311.954,,,-1.05,,-31.14,,,user
1531309721,2025-05-20T14:24:12,2025-05-20T14:25:27,sell,0.15,0.15,XAUUSD,3281.183,3285.811,3285.5,,-1.05,,-69.42,,,sl
1530228258,2025-05-20T02:12:40,2025-05-20T02:15:29,buy,0.05,0.05,XAUUSD,3215.975,3212.6420000000003,3212.9,,-0.35,,-16.67,,,sl
1530217686,2025-05-20T02:08:01,2025-05-20T02:11:19,buy,0.05,0.05,XAUUSD,3219.113,3213.9,3213.9,,-0.35,,-26.07,,,sl
1529660047,2025-05-19T14:05:00,2025-05-19T14:07:29,buy,0.05,0.05,XAUUSD,3223.075,3219.9,3219.9,,-0.35,,-15.88,,,sl
1529487847,2025-05-19T12:56:08,2025-05-19T13:10:23,buy,0.15,0.15,XAUUSD,3230.464,3231.1730000000002,3227.426,3237.167,-1.05,,10.64,,,user
1527195347,2025-05-16T11:16:12,2025-05-16T11:37:39,buy,0.05,0.1,XAUUSD,3172.659,3176.199,3168.102,3187,-0.7,,17.7,,,user
1527195347,2025-05-16T11:16:12,2025-05-16T11:22:03,buy,0.05,0.1,XAUUSD,3172.659,3175.744,3168.102,3187,,,15.42,,,user
1526713376,2025-05-16T06:07:28,2025-05-16T06:12:55,sell,0.15,0.15,XAUUSD,3224.811,3228.1,3228.1,,-1.05,,-49.33,,,sl
1525928016,2025-05-15T15:07:06,2025-05-15T15:11:02,sell,0.15,0.15,XAUUSD,3208.573,3211.1,3211.1,,-1.05,,-37.9,,,sl
1525614387,2025-05-15T12:37:24,2025-05-15T12:42:43,sell,0.15,0.15,XAUUSD,3183.895,3183.172,3192,,-1.05,,10.85,,,user
1525610286,2025-05-15T12:35:12,2025-05-15T12:36:24,sell,0.15,0.15,XAUUSD,3185.442,3185.102,,,-1.05,,5.1,,,user
1525176189,2025-05-15T07:40:12,2025-05-15T07:41:41,buy,0.15,0.15,XAUUSD,3136.356,3134.165,3134.165,,-1.05,,-32.86,,,sl
1524756696,2025-05-15T03:25:12,2025-05-15T03:25:40,buy,0.1,0.1,XAUUSD,3151.087,3151.071,,,-0.7,,-0.16,,,user
1524034461,2025-05-14T14:09:52,2025-05-14T14:10:35,buy,0.1,0.1,XAUUSD,3186.611,3188.917,,,-0.7,,23.06,,,user
1523691407,2025-05-14T12:16:21,2025-05-14T12:19:27,buy,0.1,0.1,XAUUSD,3212.2,3214.933,3207,,-0.7,,27.33,,,user
1523173563,2025-05-14T06:36:51,2025-05-14T06:41:09,buy,0.1,0.1,XAUUSD,3230.233,3231.331,3226.3,,-0.7,,10.98,,,user
1522849251,2025-05-14T02:29:32,2025-05-14T02:31:45,buy,0.05,0.1,XAUUSD,3234.398,3237.137,3231.234,,-0.7,,13.7,,,user
1522849251,2025-05-14T02:29:32,2025-05-14T02:31:31,buy,0.05,0.1,XAUUSD,3234.398,3235.86,3231.234,,,,7.31,,,user
1522069992,2025-05-13T13:16:43,2025-05-13T13:19:01,buy,0.05,0.1,XAUUSD,3236.946,3240.8920000000003,3234,,-0.7,,19.73,,,user
1522069992,2025-05-13T13:16:43,2025-05-13T13:18:30,buy,0.05,0.1,XAUUSD,3236.946,3240.5260000000003,3234,,,,17.9,,,user
1521943042,2025-05-13T12:30:19,2025-05-13T12:42:21,buy,0.1,0.1,XAUUSD,3246.429,3246.452,3233.9,3260,-0.7,,0.23,,,user
1521928861,2025-05-13T12:25:42,2025-05-13T12:29:16,buy,0.05,0.05,XAUUSD,3238.807,3240.195,3233.9,,-0.35,,6.94,,,user
1521922926,2025-05-13T12:22:18,2025-05-13T12:27:40,buy,0.1,0.1,XAUUSD,3240.095,3242.262,3233.9,,-0.7,,21.67,,,user
1521902948,2025-05-13T12:11:53,2025-05-13T12:13:17,buy,0.02,0.02,XAUUSD,3242.778,3241.5550000000003,,,-0.14,,-2.45,,,user
1520612739,2025-05-12T15:06:45,2025-05-12T15:07:40,buy,0.1,0.1,BTCUSD,102591.86,102676.47,,,-0.4,,8.46,,,user
1520408175,2025-05-12T13:33:16,2025-05-12T13:34:10,buy,0.1,0.1,XAUUSD,3233.879,3235.4,,,-0.7,,15.21,,,user
1520325245,2025-05-12T12:58:31,2025-05-12T12:59:30,sell,0.1,0.1,XAUUSD,3233.057,3232.453,3234.6,,-0.7,,6.04,,,user
1519528362,2025-05-12T06:28:06,2025-05-12T06:29:32,buy,0.05,0.1,XAUUSD,3274.805,3277.081,3277.081,,-0.7,,11.38,,,sl
1519528362,2025-05-12T06:28:06,2025-05-12T06:29:08,buy,0.05,0.1,XAUUSD,3274.805,3276.7400000000002,3277.081,,,,9.67,,,user
1517857894,2025-05-09T14:16:11,2025-05-09T14:17:44,buy,0.05,0.1,XAUUSD,3323.489,3325.775,,,-0.7,,11.43,,,user
1517857894,2025-05-09T14:16:11,2025-05-09T14:17:41,buy,0.05,0.1,XAUUSD,3323.489,3325.9610000000002,,,,,12.36,,,user
1517066016,2025-05-09T05:23:02,2025-05-09T05:23:32,sell,0.1,0.1,XAUUSD,3322.385,3322.074,,,-0.7,,3.11,,,user
1517062186,2025-05-09T05:20:42,2025-05-09T05:23:23,buy,0.1,0.1,XAUUSD,3323.703,3321.967,,,-0.7,,-17.36,,,user
1516018083,2025-05-08T14:11:43,2025-05-08T14:15:08,sell,0.09,0.09,XAUUSD,3361.684,3360.424,3365.2,,-0.63,,11.34,,,user
1515823774,2025-05-08T12:45:34,2025-05-08T12:57:34,buy,0.05,0.1,BTCUSD,99311.51,99248.92,99248.92,,-0.4,,-3.13,,,sl
1515823774,2025-05-08T12:45:34,2025-05-08T12:50:47,buy,0.05,0.1,BTCUSD,99311.51,99401.25,99248.92,,,,4.48,,,user
1515353748,2025-05-08T07:22:18,2025-05-08T07:35:22,buy,0.04,0.09,XAUUSD,3334.742,3344.101,3332.833,3370,-0.63,,37.43,,,user
1515353748,2025-05-08T07:22:18,2025-05-08T07:28:36,buy,0.05,0.09,XAUUSD,3334.742,3337.966,3332.833,3370,,,16.12,,,user
1515345406,2025-05-08T07:17:32,2025-05-08T07:21:24,buy,0.09,0.09,XAUUSD,3336.882,3333,3333,,-0.63,,-34.94,,,sl
1515068635,2025-05-08T05:44:52,2025-05-08T05:58:44,sell,0.05,0.05,USDJPY,143.951,143.887,144.454,,-0.35,,2.22,,,user
1514070835,2025-05-07T14:42:00,2025-05-07T14:46:57,buy,0.02,0.02,XAUUSD,3385.939,3380.252,3380.5,,-0.14,,-11.38,,,sl
1511405220,2025-05-06T07:35:29,2025-05-06T07:37:53,sell,0.02,0.02,XAUUSD,3376.769,3377.9256425137846,3382,,-0.14,,-2.31,,,user
1507396986,2025-05-02T12:24:01,2025-05-02T12:30:30,buy,0.01,0.01,XAUUSD,3260.33,3258.642653059204,,,-0.07,,-1.69,,,user
1507400565,2025-05-02T12:26:12,2025-05-02T12:30:24,buy,0.09,0.09,XAUUSD,3258.58,3255.1022730668124,,,-0.63,,-31.3,,,user
1506946824,2025-05-02T06:43:07,2025-05-02T06:50:46,buy,0.01,0.05,XAUUSD,3253.578,3247.3881916387413,3242.7,3263,-0.35,,-6.19,,,user
1506946824,2025-05-02T06:43:07,2025-05-02T06:50:39,buy,0.04,0.05,XAUUSD,3253.578,3248.073462992066,3242.7,3263,,,-22.02,,,user
1502965530,2025-04-30T06:21:13,2025-04-30T06:38:51,buy,0.1,0.1,XAUUSD,3307.217,3308.547,3304,,-0.7,,13.3,,,user
1502956942,2025-04-30T06:16:11,2025-04-30T06:19:45,buy,0.05,0.1,XAUUSD,3308.069,3308.356,3304,,-0.7,,1.43,,,user
1502956942,2025-04-30T06:16:11,2025-04-30T06:18:32,buy,0.05,0.1,XAUUSD,3308.069,3309.533,3304,,,,7.32,,,user
1502037153,2025-04-29T14:00:34,2025-04-29T14:05:25,buy,0.02,0.02,XAUUSD,3308.335,3303.5,3303.5,,-0.14,,-9.67,,,sl
1501956443,2025-04-29T13:33:21,2025-04-29T13:34:18,buy,0.05,0.05,XAUUSD,3315.938,3318.29,,,-0.35,,11.76,,,user
1500122441,2025-04-28T13:49:17,2025-04-28T13:57:20,buy,0.01,0.05,XAUUSD,3288.002,3290.177,3283.85,,-0.35,,2.18,,,user
1500122441,2025-04-28T13:49:17,2025-04-28T13:53:08,buy,0.04,0.05,XAUUSD,3288.002,3290.333,3283.85,,,,9.32,,,user
1500086352,2025-04-28T13:37:01,2025-04-28T13:38:25,buy,0.01,0.01,BTCUSD,94767.43,94741.25,94667.7,,-0.04,,-0.26,,,user
1497612792,2025-04-25T12:09:09,2025-04-25T12:19:44,sell,0.01,0.01,XAUUSD,3295.888,3292.492,3300.32,,-0.07,,3.4,,,user
1497306498,2025-04-25T08:22:23,2025-04-25T08:24:32,buy,0.01,0.01,XAUUSD,3296.125,3296.64,,,-0.07,,0.51,,,user
1496435328,2025-04-24T21:15:15,2025-04-24T21:32:11,buy,0.05,0.05,EURUSD,1.13902,1.1386200000000002,1.13799,1.1401,-0.35,,-2,,,user
